IGLV1-1	NC_092602	97.794	100	272	1	272	9465322	9465593
IGLV1-2	NC_092602	96.124	100	258	1	258	9459375	9459632
IGLV1-2	NC_092602	96.124	100	258	1	258	9462649	9462906
IGLV1-2	NC_092602	88.417	100	258	1	258	9446402	9446659
IGLV1-2	NC_092602	84.615	100	258	1	258	9451742	9452001
IGLV1-4	NC_092602	87.676	100	284	1	284	9364952	9365235
IGLV1-4	NC_092602	86.268	100	284	1	284	9454496	9454776
IGLV1-4	NC_092602	84.965	100	284	1	284	9419206	9419486
IGLV1-4	NC_092602	84.459	100	284	1	284	9395177	9395472
IGLV1-4	NC_092602	83.803	100	284	1	284	9377214	9377485
IGLV1-4	NC_092602	83.103	100	284	1	284	9370441	9370729
IGLV1-4	NC_092602	82.274	100	284	1	284	9434824	9435122
IGLV1-5	NC_092602	99.666	100	299	1	299	9449185	9449483
IGLV1-5	NC_092602	93.311	100	299	1	299	9379803	9380101
IGLV1-6	NC_092602	97.251	100	291	1	291	9458282	9458572
IGLV1-7	NC_092602	88.448	100	277	1	277	9394080	9394356
IGLV1-8	NC_092602	87.586	100	287	1	287	9364950	9365238
IGLV1-8	NC_092602	87.586	100	287	1	287	9414667	9414955
IGLV1-8	NC_092602	87.456	100	287	1	287	9439644	9439929
IGLV1-8	NC_092602	87.500	100	287	1	287	9454494	9454779
IGLV1-8	NC_092602	87.285	100	287	1	287	9388010	9388298
IGLV1-8	NC_092602	86.760	100	287	1	287	9419204	9419489
IGLV1-8	NC_092602	86.505	100	287	1	287	9418375	9418657
IGLV1-8	NC_092602	85.567	100	287	1	287	9371701	9371989
IGLV1-8	NC_092602	86.063	100	287	1	287	9377212	9377488
IGLV1-8	NC_092602	85.050	100	287	1	287	9395175	9395475
IGLV1-8	NC_092602	85.235	100	287	1	287	9422662	9422957
IGLV1-8	NC_092602	83.721	100	287	1	287	9423406	9423706
IGLV1-8	NC_092602	83.904	100	287	1	287	9389682	9389966
IGLV1-8	NC_092602	83.505	100	287	1	287	9388749	9389037
IGLV1-8	NC_092602	82.828	100	287	1	287	9370439	9370732
IGLV1-8	NC_092602	82.566	100	287	1	287	9370942	9371245
IGLV1-8	NC_092602	82.230	100	287	1	287	9440466	9440750
IGLV1-8	NC_092602	81.882	100	287	1	287	9361486	9361769
IGLV1-11	NC_092602	95.775	100	284	1	284	9454496	9454779
IGLV1-11	NC_092602	90.845	100	284	1	284	9439646	9439929
IGLV1-11	NC_092602	90.592	100	284	1	284	9388012	9388298
IGLV1-11	NC_092602	90.244	100	284	1	284	9364952	9365238
IGLV1-11	NC_092602	89.437	100	284	1	284	9419206	9419489
IGLV1-11	NC_092602	88.850	100	284	1	284	9414669	9414955
IGLV1-11	NC_092602	88.070	100	284	1	284	9389684	9389966
IGLV1-11	NC_092602	87.847	100	284	1	284	9371703	9371989
IGLV1-11	NC_092602	88.028	100	284	1	284	9377214	9377488
IGLV1-11	NC_092602	87.291	100	284	1	284	9395177	9395475
IGLV1-11	NC_092602	85.764	100	284	1	284	9388751	9389037
IGLV1-11	NC_092602	84.106	100	284	1	284	9370944	9371245
IGLV1-11	NC_092602	84.053	100	284	1	284	9423408	9423706
IGLV1-11	NC_092602	83.882	100	284	1	284	9434824	9435125
IGLV1-11	NC_092602	83.729	100	284	1	284	9422664	9422957
IGLV1-11	NC_092602	83.803	100	284	1	284	9440468	9440750
IGLV1-13	NC_092602	98.940	100	283	1	283	9440468	9440750
IGLV1-13	NC_092602	86.014	100	283	1	283	9454496	9454779
IGLV1-13	NC_092602	85.866	100	283	1	283	9361488	9361769
IGLV1-13	NC_092602	85.614	100	283	1	283	9439646	9439929
IGLV1-13	NC_092602	83.333	100	283	1	283	9388012	9388298
IGLV1-13	NC_092602	83.275	100	283	1	283	9391034	9391317
IGLV1-13	NC_092602	83.217	100	283	1	283	9427131	9427414
IGLV1-13	NC_092602	82.042	100	283	1	283	9389684	9389966
IGLV1-13	NC_092602	81.882	100	283	1	283	9419206	9419489
IGLV1-13	NC_092602	81.053	100	283	1	283	9377214	9377488
IGLV1-13	NC_092602	80.420	100	283	1	283	9368229	9368510
IGLV1-13	NC_092602	79.514	100	283	1	283	9388751	9389037
IGLV1-13	NC_092602	78.218	100	283	1	283	9370944	9371245
IGLV1-14	NC_092602	99.296	100	284	1	284	9439646	9439929
IGLV1-14	NC_092602	90.592	100	284	1	284	9388012	9388298
IGLV1-14	NC_092602	90.493	100	284	1	284	9454496	9454779
IGLV1-14	NC_092602	89.547	100	284	1	284	9414669	9414955
IGLV1-14	NC_092602	89.199	100	284	1	284	9364952	9365238
IGLV1-14	NC_092602	88.294	100	284	1	284	9395177	9395475
IGLV1-14	NC_092602	88.070	100	284	1	284	9419206	9419489
IGLV1-14	NC_092602	87.805	100	284	1	284	9371703	9371989
IGLV1-14	NC_092602	86.760	100	284	1	284	9388751	9389037
IGLV1-14	NC_092602	86.620	100	284	1	284	9377214	9377488
IGLV1-14	NC_092602	85.517	100	284	1	284	9377803	9378092
IGLV1-14	NC_092602	85.099	100	284	1	284	9370944	9371245
IGLV1-14	NC_092602	85.135	100	284	1	284	9422664	9422957
IGLV1-14	NC_092602	85.315	100	284	1	284	9440468	9440750
IGLV1-14	NC_092602	84.859	100	284	1	284	9389684	9389966
IGLV1-14	NC_092602	83.612	100	284	1	284	9423408	9423706
IGLV1-14	NC_092602	83.444	100	284	1	284	9434824	9435125
IGLV1-14	NC_092602	82.653	100	284	1	284	9370441	9370732
IGLV1-14	NC_092602	82.456	100	284	1	284	9361488	9361769
IGLV1-14	NC_092602	82.807	100	284	1	284	9384772	9385048
IGLV1-15	NC_092602	99.288	100	281	1	281	9436883	9437163
IGLV1-15	NC_092602	93.617	100	281	1	281	9427864	9428144
IGLV1-15	NC_092602	86.972	100	281	1	281	9415408	9415688
IGLV1-16	NC_092602	97.193	100	285	1	285	9433247	9433531
IGLV1-16	NC_092602	93.333	100	285	1	285	9445309	9445593
IGLV1-16	NC_092602	92.982	100	285	1	285	9458282	9458566
IGLV1-16	NC_092602	89.123	100	285	1	285	9389241	9389525
IGLV1-16	NC_092602	88.772	100	285	1	285	9419801	9420085
IGLV1-16	NC_092602	85.614	100	285	1	285	9360980	9361264
IGLV1-16	NC_092602	82.456	100	285	1	285	9388012	9388281
IGLV1-16	NC_092602	81.818	100	285	1	285	9370441	9370712
IGLV1-17	NC_092602	98.305	100	295	1	295	9432738	9433032
IGLV1-17	NC_092602	91.186	100	295	1	295	9422159	9422453
IGLV1-17	NC_092602	84.459	100	295	1	295	9410876	9411170
IGLV1-17	NC_092602	84.068	100	295	1	295	9395177	9395468
IGLV1-17	NC_092602	83.893	100	295	1	295	9434824	9435118
IGLV1-17	NC_092602	83.446	100	295	1	295	9391630	9391924
IGLV1-17	NC_092602	83.390	100	295	1	295	9402490	9402765
IGLV1-17	NC_092602	83.051	100	295	1	295	9389684	9389959
IGLV1-17	NC_092602	82.373	100	295	1	295	9377803	9378085
IGLV1-17	NC_092602	82.034	100	295	1	295	9364952	9365231
IGLV1-17	NC_092602	81.419	100	295	1	295	9439646	9439922
IGLV1-17	NC_092602	81.081	100	295	1	295	9371703	9371982
IGLV1-17	NC_092602	81.017	100	295	1	295	9454496	9454772
IGLV1-17	NC_092602	80.201	100	295	1	295	9370441	9370725
IGLV1-18	NC_092602	99.275	100	276	1	276	9431949	9432224
IGLV1-18	NC_092602	88.849	100	276	1	276	9440116	9440391
IGLV1-19	NC_092602	99.293	100	283	1	283	9431479	9431761
IGLV1-19	NC_092602	82.838	100	283	1	283	9360980	9361280
IGLV1-20	NC_092602	95.455	100	286	1	286	9427864	9428149
IGLV1-20	NC_092602	88.699	100	286	1	286	9364952	9365243
IGLV1-20	NC_092602	87.329	100	286	1	286	9419206	9419494
IGLV1-20	NC_092602	85.467	100	286	1	286	9377214	9377493
IGLV1-20	NC_092602	84.539	100	286	1	286	9395177	9395480
IGLV1-21	NC_092602	98.246	100	284	1	284	9427131	9427414
IGLV1-21	NC_092602	89.474	100	284	1	284	9391034	9391317
IGLV1-21	NC_092602	88.421	100	284	1	284	9394080	9394363
IGLV1-21	NC_092602	87.797	100	284	1	284	9411383	9411677
IGLV1-21	NC_092602	87.018	100	284	1	284	9369099	9369382
IGLV1-21	NC_092602	81.754	100	284	1	284	9361488	9361769
IGLV1-22	NC_092602	99.648	100	284	1	284	9426639	9426922
IGLV1-23	NC_092602	99.669	100	302	1	302	9426134	9426435
IGLV1-23	NC_092602	82.026	100	302	1	302	9434829	9435125
IGLV1-23	NC_092602	80.592	100	302	1	302	9395182	9395475
IGLV1-24	NC_092602	98.944	100	284	1	284	9425439	9425722
IGLV1-24	NC_092602	86.316	100	284	1	284	9364952	9365235
IGLV1-24	NC_092602	85.614	100	284	1	284	9454496	9454776
IGLV1-24	NC_092602	85.185	100	284	1	284	9395177	9395472
IGLV1-24	NC_092602	83.162	100	284	1	284	9370441	9370729
IGLV1-24	NC_092602	82.807	100	284	1	284	9377214	9377485
IGLV1-24	NC_092602	81.667	100	284	1	284	9434824	9435122
IGLV1-25	NC_092602	98.997	100	299	1	299	9423408	9423706
IGLV1-25	NC_092602	89.298	100	299	1	299	9395177	9395475
IGLV1-25	NC_092602	89.298	100	299	1	299	9364952	9365238
IGLV1-25	NC_092602	88.449	100	299	1	299	9434824	9435125
IGLV1-25	NC_092602	86.288	100	299	1	299	9419206	9419489
IGLV1-25	NC_092602	84.768	100	299	1	299	9370944	9371245
IGLV1-25	NC_092602	84.718	100	299	1	299	9388012	9388298
IGLV1-25	NC_092602	84.281	100	299	1	299	9439646	9439929
IGLV1-25	NC_092602	83.946	100	299	1	299	9371703	9371989
IGLV1-25	NC_092602	83.612	100	299	1	299	9388751	9389037
IGLV1-25	NC_092602	82.943	100	299	1	299	9454496	9454779
IGLV1-25	NC_092602	82.119	100	299	1	299	9418377	9418657
IGLV1-25	NC_092602	76.589	100	299	1	299	9361488	9361769
IGLV1-26	NC_092602	100.000	100	294	1	294	9422664	9422957
IGLV1-26	NC_092602	88.136	100	294	1	294	9364952	9365238
IGLV1-26	NC_092602	85.811	100	294	1	294	9439646	9439929
IGLV1-26	NC_092602	85.197	100	294	1	294	9395177	9395475
IGLV1-26	NC_092602	84.746	100	294	1	294	9418377	9418657
IGLV1-26	NC_092602	84.407	100	294	1	294	9419206	9419489
IGLV1-26	NC_092602	83.390	100	294	1	294	9388751	9389037
IGLV1-26	NC_092602	82.373	100	294	1	294	9377214	9377488
IGLV1-27	NC_092602	99.661	100	295	1	295	9422159	9422453
IGLV1-27	NC_092602	91.864	100	295	1	295	9432738	9433032
IGLV1-28	NC_092602	98.925	100	279	1	279	9420959	9421237
IGLV1-28	NC_092602	97.133	100	279	1	279	9367499	9367777
IGLV1-28	NC_092602	93.907	100	279	1	279	9394679	9394957
IGLV1-28	NC_092602	93.594	100	279	1	279	9413926	9414204
IGLV1-28	NC_092602	92.883	100	279	1	279	9365554	9365832
IGLV1-28	NC_092602	87.719	100	279	1	279	9377803	9378086
IGLV1-28	NC_092602	87.589	100	279	1	279	9431479	9431756
IGLV1-28	NC_092602	86.879	100	279	1	279	9400064	9400344
IGLV1-28	NC_092602	85.053	100	279	1	279	9402490	9402766
IGLV1-28	NC_092602	81.879	100	279	1	279	9432738	9433033
IGLV1-29	NC_092602	84.667	100	299	1	299	9391034	9391314
IGLV1-29	NC_092602	82.000	100	299	1	299	9427131	9427411
IGLV1-29	NC_092602	80.731	100	299	1	299	9394080	9394360
IGLV1-30	NC_092602	98.239	100	284	1	284	9419206	9419489
IGLV1-30	NC_092602	87.805	100	284	1	284	9364952	9365238
IGLV1-30	NC_092602	87.719	100	284	1	284	9439646	9439929
IGLV1-30	NC_092602	87.153	100	284	1	284	9414669	9414955
IGLV1-30	NC_092602	86.458	100	284	1	284	9388751	9389037
IGLV1-30	NC_092602	86.111	100	284	1	284	9388012	9388298
IGLV1-30	NC_092602	85.762	100	284	1	284	9434824	9435125
IGLV1-30	NC_092602	86.063	100	284	1	284	9389684	9389966
IGLV1-30	NC_092602	85.619	100	284	1	284	9423408	9423706
IGLV1-30	NC_092602	85.614	100	284	1	284	9418377	9418657
IGLV1-30	NC_092602	84.746	100	284	1	284	9422664	9422957
IGLV1-30	NC_092602	85.211	100	284	1	284	9377214	9377488
IGLV1-30	NC_092602	84.667	100	284	1	284	9395177	9395475
IGLV1-30	NC_092602	80.351	100	284	1	284	9361488	9361769
IGLV1-31	NC_092602	91.118	100	301	1	301	9389241	9389544
IGLV1-31	NC_092602	90.461	100	301	1	301	9434824	9435124
IGLV1-31	NC_092602	89.369	100	301	1	301	9410876	9411176
IGLV1-31	NC_092602	89.145	100	301	1	301	9419801	9420104
IGLV1-31	NC_092602	87.417	100	301	1	301	9432738	9433038
IGLV1-31	NC_092602	87.375	100	301	1	301	9395177	9395474
IGLV1-31	NC_092602	86.711	100	301	1	301	9364952	9365237
IGLV1-31	NC_092602	86.139	100	301	1	301	9423408	9423705
IGLV1-31	NC_092602	85.762	100	301	1	301	9391630	9391930
IGLV1-31	NC_092602	86.047	100	301	1	301	9371703	9371988
IGLV1-31	NC_092602	85.246	100	301	1	301	9370441	9370731
IGLV1-31	NC_092602	85.099	100	301	1	301	9454496	9454778
IGLV1-31	NC_092602	84.718	100	301	1	301	9414669	9414954
IGLV1-31	NC_092602	84.718	100	301	1	301	9439646	9439928
IGLV1-31	NC_092602	84.053	100	301	1	301	9419206	9419488
IGLV1-31	NC_092602	83.775	100	301	1	301	9388751	9389036
IGLV1-31	NC_092602	82.895	100	301	1	301	9389684	9389965
IGLV1-31	NC_092602	82.781	100	301	1	301	9418377	9418656
IGLV1-31	NC_092602	81.759	100	301	1	301	9422664	9422956
IGLV1-31	NC_092602	79.801	100	301	1	301	9360520	9360247
IGLV1-32	NC_092602	97.872	100	282	1	282	9417890	9418171
IGLV1-33	NC_092602	98.932	100	281	1	281	9415408	9415688
IGLV1-33	NC_092602	86.620	100	281	1	281	9436883	9437163
IGLV1-33	NC_092602	85.915	100	281	1	281	9427864	9428144
IGLV1-34	NC_092602	98.955	100	287	1	287	9414669	9414955
IGLV1-34	NC_092602	93.031	100	287	1	287	9388012	9388298
IGLV1-34	NC_092602	89.199	100	287	1	287	9439646	9439929
IGLV1-34	NC_092602	88.411	100	287	1	287	9370944	9371245
IGLV1-34	NC_092602	88.153	100	287	1	287	9371703	9371989
IGLV1-34	NC_092602	87.456	100	287	1	287	9427131	9427414
IGLV1-34	NC_092602	87.108	100	287	1	287	9388751	9389037
IGLV1-34	NC_092602	86.760	100	287	1	287	9391034	9391317
IGLV1-34	NC_092602	86.348	100	287	1	287	9377803	9378092
IGLV1-34	NC_092602	84.669	100	287	1	287	9418377	9418657
IGLV1-34	NC_092602	83.444	100	287	1	287	9391630	9391931
IGLV1-35	NC_092602	95.714	100	279	1	279	9413926	9414204
IGLV1-35	NC_092602	94.624	100	279	1	279	9367499	9367777
IGLV1-35	NC_092602	94.265	100	279	1	279	9420959	9421237
IGLV1-35	NC_092602	92.832	100	279	1	279	9394679	9394957
IGLV1-35	NC_092602	89.474	100	279	1	279	9377803	9378086
IGLV1-35	NC_092602	89.362	100	279	1	279	9365554	9365832
IGLV1-35	NC_092602	85.159	100	279	1	279	9431479	9431756
IGLV1-35	NC_092602	84.229	100	279	1	279	9402490	9402766
IGLV1-36	NC_092602	89.384	100	290	1	290	9364952	9365238
IGLV1-36	NC_092602	88.276	100	290	1	290	9418377	9418657
IGLV1-36	NC_092602	86.441	100	290	1	290	9422664	9422957
IGLV1-36	NC_092602	86.348	100	290	1	290	9414669	9414955
IGLV1-36	NC_092602	86.093	100	290	1	290	9423408	9423706
IGLV1-36	NC_092602	85.666	100	290	1	290	9370441	9370732
IGLV1-36	NC_092602	85.911	100	290	1	290	9371703	9371989
IGLV1-36	NC_092602	85.862	100	290	1	290	9419206	9419489
IGLV1-36	NC_092602	86.207	100	290	1	290	9377214	9377488
IGLV1-36	NC_092602	84.158	100	290	1	290	9370944	9371245
IGLV1-36	NC_092602	83.553	100	290	1	290	9434824	9435125
IGLV1-37	NC_092602	97.091	100	275	1	275	9377214	9377488
IGLV1-37	NC_092602	89.895	100	275	1	275	9364952	9365238
IGLV1-37	NC_092602	86.411	100	275	1	275	9414669	9414955
IGLV1-37	NC_092602	86.364	100	275	1	275	9389684	9389966
IGLV1-37	NC_092602	86.268	100	275	1	275	9439646	9439929
IGLV1-37	NC_092602	85.915	100	275	1	275	9454496	9454779
IGLV1-37	NC_092602	85.366	100	275	1	275	9388012	9388298
IGLV1-37	NC_092602	84.507	100	275	1	275	9419206	9419489
IGLV1-37	NC_092602	84.281	100	275	1	275	9395177	9395475
IGLV1-37	NC_092602	83.624	100	275	1	275	9371703	9371989
IGLV1-37	NC_092602	81.911	100	275	1	275	9370441	9370732
IGLV1-37	NC_092602	81.757	100	275	1	275	9422664	9422957
IGLV1-39	NC_092602	88.789	100	223	1	223	9372467	9372689
IGLV1-39	NC_092602	88.496	100	223	1	223	9451245	9451470
IGLV1-40	NC_092602	91.259	100	286	1	286	9396407	9396692
IGLV1-40	NC_092602	88.153	100	286	1	286	9366901	9367181
IGLV1-41	NC_092602	95.333	100	300	1	300	9389241	9389540
IGLV1-41	NC_092602	95.000	100	300	1	300	9419801	9420100
IGLV1-41	NC_092602	92.333	100	300	1	300	9395791	9396090
IGLV1-41	NC_092602	90.333	100	300	1	300	9381832	9382116
IGLV1-41	NC_092602	88.667	100	300	1	300	9366297	9366584
IGLV1-41	NC_092602	85.667	100	300	1	300	9400559	9400855
IGLV1-41	NC_092602	85.000	100	300	1	300	9378301	9378597
IGLV1-41	NC_092602	85.000	100	300	1	300	9402980	9403276
IGLV1-41	NC_092602	84.053	100	300	1	300	9432738	9433037
IGLV1-41	NC_092602	83.667	100	300	1	300	9373624	9373920
IGLV1-42	NC_092602	88.848	100	267	1	267	9451245	9451511
IGLV1-42	NC_092602	86.347	100	267	1	267	9392130	9392399
IGLV1-42	NC_092602	86.617	100	267	1	267	9427131	9427394
IGLV1-42	NC_092602	85.019	100	267	1	267	9368229	9368492
IGLV1-42	NC_092602	85.075	100	267	1	267	9389684	9389946
IGLV1-42	NC_092602	84.328	100	267	1	267	9400064	9400330
IGLV1-42	NC_092602	83.456	100	267	1	267	9390172	9390441
IGLV1-42	NC_092602	82.270	100	267	1	267	9389241	9389522
IGLV1-42	NC_092602	79.104	100	267	1	267	9360520	9360266
IGLV1-43	NC_092602	89.273	100	289	1	289	9364952	9365237
IGLV1-43	NC_092602	88.356	100	289	1	289	9389684	9389965
IGLV1-43	NC_092602	87.889	100	289	1	289	9388012	9388297
IGLV1-43	NC_092602	87.889	100	289	1	289	9414669	9414954
IGLV1-43	NC_092602	87.375	100	289	1	289	9434824	9435124
IGLV1-43	NC_092602	87.248	100	289	1	289	9395177	9395474
IGLV1-43	NC_092602	87.586	100	289	1	289	9439646	9439928
IGLV1-43	NC_092602	86.842	100	289	1	289	9389241	9389544
IGLV1-43	NC_092602	86.842	100	289	1	289	9419801	9420104
IGLV1-43	NC_092602	86.379	100	289	1	289	9370944	9371244
IGLV1-43	NC_092602	86.851	100	289	1	289	9419206	9419488
IGLV1-43	NC_092602	86.207	100	289	1	289	9371703	9371988
IGLV1-43	NC_092602	86.159	100	289	1	289	9454496	9454778
IGLV1-43	NC_092602	85.666	100	289	1	289	9370441	9370731
IGLV1-43	NC_092602	85.467	100	289	1	289	9377214	9377487
IGLV1-43	NC_092602	84.483	100	289	1	289	9418377	9418656
IGLV1-43	NC_092602	83.893	100	289	1	289	9423408	9423705
IGLV1-43	NC_092602	82.450	100	289	1	289	9432738	9433038
IGLV1-44	NC_092602	94.077	100	286	1	286	9388751	9389037
IGLV1-44	NC_092602	93.728	100	286	1	286	9371703	9371989
IGLV1-44	NC_092602	90.625	100	286	1	286	9364952	9365238
IGLV1-44	NC_092602	88.153	100	286	1	286	9414669	9414955
IGLV1-44	NC_092602	86.411	100	286	1	286	9439646	9439929
IGLV1-44	NC_092602	85.953	100	286	1	286	9395177	9395475
IGLV1-44	NC_092602	85.017	100	286	1	286	9454496	9454779
IGLV1-44	NC_092602	85.366	100	286	1	286	9377214	9377488
IGLV1-44	NC_092602	84.321	100	286	1	286	9419206	9419489
IGLV1-44	NC_092602	83.737	100	286	1	286	9389684	9389966
IGLV1-44	NC_092602	82.935	100	286	1	286	9370441	9370732
IGLV1-45	NC_092602	95.470	100	287	1	287	9414669	9414955
IGLV1-45	NC_092602	95.122	100	287	1	287	9388012	9388298
IGLV1-45	NC_092602	91.638	100	287	1	287	9364952	9365238
IGLV1-45	NC_092602	89.404	100	287	1	287	9370944	9371245
IGLV1-45	NC_092602	89.547	100	287	1	287	9439646	9439929
IGLV1-45	NC_092602	88.963	100	287	1	287	9395177	9395475
IGLV1-45	NC_092602	88.850	100	287	1	287	9371703	9371989
IGLV1-45	NC_092602	88.621	100	287	1	287	9377803	9378092
IGLV1-45	NC_092602	87.108	100	287	1	287	9388751	9389037
IGLV1-45	NC_092602	87.119	100	287	1	287	9422664	9422957
IGLV1-45	NC_092602	87.031	100	287	1	287	9370441	9370732
IGLV1-45	NC_092602	87.108	100	287	1	287	9454496	9454779
IGLV1-45	NC_092602	86.806	100	287	1	287	9389684	9389966
IGLV1-45	NC_092602	86.806	100	287	1	287	9419206	9419489
IGLV1-45	NC_092602	87.108	100	287	1	287	9377214	9377488
IGLV1-45	NC_092602	86.411	100	287	1	287	9418377	9418657
IGLV1-45	NC_092602	85.430	100	287	1	287	9434824	9435125
IGLV1-45	NC_092602	83.444	100	287	1	287	9391630	9391931
IGLV1-45	NC_092602	83.681	100	287	1	287	9440468	9440750
IGLV1-46	NC_092602	97.183	100	284	1	284	9387530	9387813
IGLV1-47	NC_092602	99.531	100	213	1	213	9385676	9385888
IGLV1-47	NC_092602	92.523	100	213	1	213	9445309	9445521
IGLV1-47	NC_092602	91.589	100	213	1	213	9433247	9433459
IGLV1-47	NC_092602	90.654	100	213	1	213	9458282	9458494
IGLV1-47	NC_092602	88.837	100	213	1	213	9419801	9420013
IGLV1-47	NC_092602	86.977	100	213	1	213	9410876	9411088
IGLV1-47	NC_092602	85.514	100	213	1	213	9360980	9361192
IGLV1-47	NC_092602	85.514	100	213	1	213	9370944	9371156
IGLV1-47	NC_092602	85.047	100	213	1	213	9434824	9435036
IGLV1-47	NC_092602	82.243	100	213	1	213	9381832	9382029
IGLV1-47	NC_092602	81.776	100	213	1	213	9392130	9392330
IGLV1-47	NC_092602	81.860	100	213	1	213	9397153	9397347
IGLV1-47	NC_092602	81.308	100	213	1	213	9454496	9454690
IGLV1-47	NC_092602	80.556	100	213	1	213	9366297	9366497
IGLV1-47	NC_092602	80.282	100	213	1	213	9401707	9401907
IGLV1-47	NC_092602	80.374	100	213	1	213	9372467	9372661
IGLV1-47	NC_092602	80.000	100	213	1	213	9364952	9365149
IGLV1-47	NC_092602	79.907	100	213	1	213	9400064	9400261
IGLV1-47	NC_092602	79.907	100	213	1	213	9391034	9391228
IGLV1-47	NC_092602	79.439	100	213	1	213	9388012	9388209
IGLV1-47	NC_092602	78.704	100	213	1	213	9418377	9418568
IGLV1-47	NC_092602	76.256	100	213	1	213	9411383	9411588
IGLV1-48	NC_092602	85.235	100	297	1	297	9385251	9385532
IGLV1-48	NC_092602	84.512	100	297	1	297	9392130	9392417
IGLV1-49	NC_092602	96.429	100	280	1	280	9402489	9402768
IGLV1-49	NC_092602	87.589	100	280	1	280	9383326	9383604
IGLV1-49	NC_092602	86.620	100	280	1	280	9400063	9400346
IGLV1-49	NC_092602	83.737	100	280	1	280	9377802	9378088
IGLV1-49	NC_092602	82.274	100	280	1	280	9360979	9361277
IGLV1-49	NC_092602	82.295	100	280	1	280	9419800	9420101
IGLV1-49	NC_092602	81.605	100	280	1	280	9432737	9433035
IGLV1-50	NC_092602	97.880	100	283	1	283	9402065	9402347
IGLV1-50	NC_092602	87.279	100	283	1	283	9391034	9391316
IGLV1-50	NC_092602	86.572	100	283	1	283	9427131	9427413
IGLV1-50	NC_092602	85.172	100	283	1	283	9401707	9401995
IGLV1-50	NC_092602	84.615	100	283	1	283	9383327	9383607
IGLV1-50	NC_092602	82.686	100	283	1	283	9411988	9412246
IGLV1-51	NC_092602	89.199	100	281	1	281	9401707	9401993
IGLV1-51	NC_092602	82.918	100	281	1	281	9383327	9383605
IGLV1-52	NC_092602	88.014	100	292	1	292	9367499	9367775
IGLV1-52	NC_092602	86.301	100	292	1	292	9420959	9421235
IGLV1-52	NC_092602	85.714	100	292	1	292	9402065	9402341
IGLV1-52	NC_092602	85.324	100	292	1	292	9427864	9428140
IGLV1-52	NC_092602	84.983	100	292	1	292	9413926	9414202
IGLV1-52	NC_092602	84.642	100	292	1	292	9394679	9394955
IGLV1-52	NC_092602	84.247	100	292	1	292	9365554	9365830
IGLV1-52	NC_092602	83.904	100	292	1	292	9392130	9392412
IGLV1-52	NC_092602	82.993	100	292	1	292	9385251	9385527
IGLV1-52	NC_092602	77.740	100	292	1	292	9411988	9412240
IGLV1-53	NC_092602	97.880	100	283	1	283	9400064	9400346
IGLV1-54	NC_092602	97.647	100	255	1	255	9397153	9397407
IGLV1-54	NC_092602	94.141	100	255	1	255	9413926	9414180
IGLV1-54	NC_092602	93.725	100	255	1	255	9367499	9367753
IGLV1-54	NC_092602	93.750	100	255	1	255	9402065	9402319
IGLV1-54	NC_092602	92.549	100	255	1	255	9420959	9421213
IGLV1-54	NC_092602	92.248	100	255	1	255	9364952	9365209
IGLV1-54	NC_092602	91.797	100	255	1	255	9385251	9385505
IGLV1-54	NC_092602	91.473	100	255	1	255	9414669	9414926
IGLV1-54	NC_092602	91.373	100	255	1	255	9365554	9365808
IGLV1-54	NC_092602	91.373	100	255	1	255	9391034	9391288
IGLV1-54	NC_092602	91.120	100	255	1	255	9381832	9382089
IGLV1-54	NC_092602	91.085	100	255	1	255	9388012	9388269
IGLV1-54	NC_092602	90.980	100	255	1	255	9394679	9394933
IGLV1-54	NC_092602	90.698	100	255	1	255	9451245	9451502
IGLV1-54	NC_092602	90.421	100	255	1	255	9377803	9378063
IGLV1-54	NC_092602	90.588	100	255	1	255	9427131	9427385
IGLV1-54	NC_092602	90.310	100	255	1	255	9400064	9400321
IGLV1-54	NC_092602	90.038	100	255	1	255	9366297	9366557
IGLV1-54	NC_092602	90.196	100	255	1	255	9368229	9368483
IGLV1-54	NC_092602	90.272	100	255	1	255	9431479	9431733
IGLV1-54	NC_092602	89.695	100	255	1	255	9392130	9392390
IGLV1-54	NC_092602	89.883	100	255	1	255	9394080	9394334
IGLV1-54	NC_092602	89.804	100	255	1	255	9419206	9419460
IGLV1-54	NC_092602	89.844	100	255	1	255	9454496	9454750
IGLV1-54	NC_092602	89.804	100	255	1	255	9465322	9465576
IGLV1-54	NC_092602	89.575	100	255	1	255	9371703	9371960
IGLV1-54	NC_092602	89.535	100	255	1	255	9388751	9389008
IGLV1-54	NC_092602	89.412	100	255	1	255	9439646	9439900
IGLV1-54	NC_092602	89.412	100	255	1	255	9389684	9389937
IGLV1-54	NC_092602	89.189	100	255	1	255	9415408	9415662
IGLV1-54	NC_092602	89.020	100	255	1	255	9402490	9402743
IGLV1-54	NC_092602	89.412	100	255	1	255	9377214	9377459
IGLV1-54	NC_092602	88.506	100	255	1	255	9401707	9401967
IGLV1-54	NC_092602	88.627	100	255	1	255	9427864	9428118
IGLV1-54	NC_092602	88.346	100	255	1	255	9411383	9411648
IGLV1-54	NC_092602	87.843	100	255	1	255	9369099	9369353
IGLV1-54	NC_092602	87.786	100	255	1	255	9390172	9390432
IGLV1-54	NC_092602	87.984	100	255	1	255	9436883	9437137
IGLV1-54	NC_092602	86.667	100	255	1	255	9395177	9395446
IGLV1-54	NC_092602	86.590	100	255	1	255	9370441	9370700
IGLV1-54	NC_092602	86.029	100	255	1	255	9423408	9423677
IGLV1-54	NC_092602	85.766	100	255	1	255	9389241	9389513
IGLV1-54	NC_092602	85.766	100	255	1	255	9419801	9420073
IGLV1-54	NC_092602	85.348	100	255	1	255	9370944	9371216
IGLV1-54	NC_092602	85.401	100	255	1	255	9379803	9380075
IGLV1-54	NC_092602	85.401	100	255	1	255	9410876	9411148
IGLV1-54	NC_092602	85.490	100	255	1	255	9361488	9361741
IGLV1-54	NC_092602	84.766	100	255	1	255	9440468	9440722
IGLV1-54	NC_092602	84.444	100	255	1	255	9400559	9400828
IGLV1-54	NC_092602	84.314	100	255	1	255	9392553	9392807
IGLV1-54	NC_092602	83.333	100	255	1	255	9402980	9403249
IGLV1-54	NC_092602	83.150	100	255	1	255	9369688	9369960
IGLV1-54	NC_092602	83.212	100	255	1	255	9449185	9449457
IGLV1-54	NC_092602	83.212	100	255	1	255	9458282	9458554
IGLV1-54	NC_092602	83.784	100	255	1	255	9360520	9360275
IGLV1-54	NC_092602	82.593	100	255	1	255	9373624	9373893
IGLV1-54	NC_092602	81.319	100	255	1	255	9432738	9433010
IGLV1-55	NC_092602	97.902	100	286	1	286	9396407	9396692
IGLV1-55	NC_092602	86.760	100	286	1	286	9366901	9367181
IGLV1-56	NC_092602	93.750	100	303	1	303	9395787	9396090
IGLV1-56	NC_092602	91.118	100	303	1	303	9389237	9389540
IGLV1-56	NC_092602	90.789	100	303	1	303	9419797	9420100
IGLV1-56	NC_092602	87.500	100	303	1	303	9381828	9382116
IGLV1-56	NC_092602	86.184	100	303	1	303	9366293	9366584
IGLV1-56	NC_092602	84.539	100	303	1	303	9400555	9400855
IGLV1-56	NC_092602	83.553	100	303	1	303	9378297	9378597
IGLV1-56	NC_092602	82.566	100	303	1	303	9432734	9433037
IGLV1-56	NC_092602	82.566	100	303	1	303	9373620	9373920
IGLV1-57	NC_092602	98.328	100	299	1	299	9395177	9395475
IGLV1-57	NC_092602	90.635	100	299	1	299	9364952	9365238
IGLV1-57	NC_092602	89.298	100	299	1	299	9388012	9388298
IGLV1-57	NC_092602	88.629	100	299	1	299	9423408	9423706
IGLV1-57	NC_092602	87.171	100	299	1	299	9434824	9435125
IGLV1-57	NC_092602	87.625	100	299	1	299	9414669	9414955
IGLV1-57	NC_092602	86.842	100	299	1	299	9370944	9371245
IGLV1-57	NC_092602	87.291	100	299	1	299	9439646	9439929
IGLV1-57	NC_092602	85.149	100	299	1	299	9391630	9391931
IGLV1-57	NC_092602	85.667	100	299	1	299	9371703	9371989
IGLV1-57	NC_092602	85.526	100	299	1	299	9422664	9422957
IGLV1-57	NC_092602	85.667	100	299	1	299	9454496	9454779
IGLV1-57	NC_092602	85.619	100	299	1	299	9377214	9377488
IGLV1-57	NC_092602	85.050	100	299	1	299	9388751	9389037
IGLV1-57	NC_092602	84.106	100	299	1	299	9389684	9389966
IGLV1-57	NC_092602	84.000	100	299	1	299	9419206	9419489
IGLV1-57	NC_092602	82.274	100	299	1	299	9418377	9418657
IGLV1-57	NC_092602	80.667	100	299	1	299	9440468	9440750
IGLV1-57	NC_092602	80.333	100	299	1	299	9361488	9361769
IGLV1-58	NC_092602	80.970	100	265	1	265	9360520	9360265
IGLV1-58	NC_092602	77.895	100	265	1	265	9389241	9389523
IGLV1-59	NC_092602	92.000	100	300	1	300	9389241	9389540
IGLV1-59	NC_092602	89.667	100	300	1	300	9419801	9420100
IGLV1-59	NC_092602	86.000	100	300	1	300	9395791	9396090
IGLV1-59	NC_092602	85.333	100	300	1	300	9381832	9382116
IGLV1-59	NC_092602	84.333	100	300	1	300	9366297	9366584
IGLV1-61	NC_092602	92.708	100	285	1	285	9366297	9366584
IGLV1-61	NC_092602	92.281	100	285	1	285	9381832	9382116
IGLV1-61	NC_092602	86.333	100	285	1	285	9395791	9396090
IGLV1-61	NC_092602	86.333	100	285	1	285	9419801	9420100
IGLV1-61	NC_092602	86.000	100	285	1	285	9389241	9389540
IGLV1-61	NC_092602	85.859	100	285	1	285	9378301	9378597
IGLV1-61	NC_092602	84.175	100	285	1	285	9400559	9400855
IGLV1-61	NC_092602	84.175	100	285	1	285	9402980	9403276
IGLV1-61	NC_092602	82.333	100	285	1	285	9373624	9373920
IGLV1-61	NC_092602	79.667	100	285	1	285	9432738	9433037
IGLV1-62	NC_092602	84.266	100	279	1	279	9439647	9439927
IGLV1-62	NC_092602	83.860	100	279	1	279	9388013	9388296
IGLV1-62	NC_092602	83.333	100	279	1	279	9410877	9411175
IGLV1-62	NC_092602	82.746	100	279	1	279	9388752	9389035
IGLV1-62	NC_092602	81.728	100	279	1	279	9370945	9371243
IGLV1-63	NC_092602	94.718	100	284	1	284	9415408	9415688
IGLV1-63	NC_092602	86.268	100	284	1	284	9427864	9428144
IGLV1-63	NC_092602	86.014	100	284	1	284	9436883	9437163
IGLV1-64	NC_092602	93.980	100	297	1	297	9369688	9369984
IGLV1-64	NC_092602	91.582	100	297	1	297	9370944	9371240
IGLV1-64	NC_092602	91.639	100	297	1	297	9391630	9391926
IGLV1-64	NC_092602	88.552	100	297	1	297	9410876	9411172
IGLV1-64	NC_092602	84.950	100	297	1	297	9395177	9395470
IGLV1-64	NC_092602	85.185	100	297	1	297	9414669	9414950
IGLV1-64	NC_092602	84.564	100	297	1	297	9390172	9390456
IGLV1-64	NC_092602	84.175	100	297	1	297	9388012	9388293
IGLV1-64	NC_092602	82.886	100	297	1	297	9364952	9365233
IGLV1-64	NC_092602	80.808	100	297	1	297	9439646	9439924
IGLV1-65	NC_092602	94.718	100	284	1	284	9391034	9391317
IGLV1-65	NC_092602	91.549	100	284	1	284	9369099	9369382
IGLV1-65	NC_092602	90.559	100	284	1	284	9427131	9427414
IGLV1-65	NC_092602	88.814	100	284	1	284	9411383	9411677
IGLV1-65	NC_092602	88.194	100	284	1	284	9394080	9394363
IGLV1-65	NC_092602	82.105	100	284	1	284	9361488	9361769
IGLV1-65	NC_092602	81.404	100	284	1	284	9440468	9440750
IGLV1-66	NC_092602	96.140	100	285	1	285	9368230	9368507
IGLV1-66	NC_092602	94.406	100	285	1	285	9390173	9390456
IGLV1-66	NC_092602	89.825	100	285	1	285	9364953	9365233
IGLV1-66	NC_092602	88.581	100	285	1	285	9370442	9370727
IGLV1-66	NC_092602	86.532	100	285	1	285	9434825	9435120
IGLV1-66	NC_092602	86.667	100	285	1	285	9388013	9388293
IGLV1-66	NC_092602	86.667	100	285	1	285	9414670	9414950
IGLV1-66	NC_092602	86.316	100	285	1	285	9371704	9371984
IGLV1-66	NC_092602	85.714	100	285	1	285	9395178	9395470
IGLV1-66	NC_092602	85.567	100	285	1	285	9422665	9422952
IGLV1-66	NC_092602	85.374	100	285	1	285	9423409	9423701
IGLV1-66	NC_092602	85.614	100	285	1	285	9419207	9419484
IGLV1-66	NC_092602	85.614	100	285	1	285	9439647	9439924
IGLV1-66	NC_092602	85.664	100	285	1	285	9454497	9454774
IGLV1-66	NC_092602	85.417	100	285	1	285	9389685	9389961
IGLV1-66	NC_092602	84.797	100	285	1	285	9410877	9411172
IGLV1-66	NC_092602	84.912	100	285	1	285	9388752	9389032
IGLV1-66	NC_092602	84.459	100	285	1	285	9370945	9371240
IGLV1-66	NC_092602	84.211	100	285	1	285	9377215	9377483
IGLV1-66	NC_092602	83.217	100	285	1	285	9418378	9418652
IGLV1-66	NC_092602	82.550	100	285	1	285	9369689	9369984
IGLV1-67	NC_092602	99.650	100	286	1	286	9396407	9396692
IGLV1-67	NC_092602	85.017	100	286	1	286	9366901	9367181
IGLV1-68	NC_092602	96.140	100	285	1	285	9381832	9382116
IGLV1-68	NC_092602	93.403	100	285	1	285	9366297	9366584
IGLV1-68	NC_092602	91.333	100	285	1	285	9419801	9420100
IGLV1-68	NC_092602	88.667	100	285	1	285	9389241	9389540
IGLV1-68	NC_092602	87.542	100	285	1	285	9378301	9378597
IGLV1-68	NC_092602	87.542	100	285	1	285	9402980	9403276
IGLV1-68	NC_092602	86.532	100	285	1	285	9373624	9373920
IGLV1-68	NC_092602	86.195	100	285	1	285	9400559	9400855
IGLV1-68	NC_092602	85.667	100	285	1	285	9395791	9396090
IGLV1-68	NC_092602	81.395	100	285	1	285	9432738	9433037
IGLV1-69	NC_092602	88.333	100	296	1	296	9379803	9380101
IGLV1-69	NC_092602	86.957	100	296	1	296	9449185	9449483
IGLV1-70	NC_092602	98.587	100	283	1	283	9373129	9373411
IGLV1-71	NC_092602	99.548	100	221	1	221	9372467	9372687
IGLV1-71	NC_092602	93.213	100	221	1	221	9397153	9397373
IGLV1-71	NC_092602	90.950	100	221	1	221	9413926	9414146
IGLV1-71	NC_092602	89.333	100	221	1	221	9414669	9414892
IGLV1-71	NC_092602	88.546	100	221	1	221	9377803	9378029
IGLV1-71	NC_092602	88.739	100	221	1	221	9420959	9421179
IGLV1-71	NC_092602	88.393	100	221	1	221	9381832	9382055
IGLV1-71	NC_092602	88.288	100	221	1	221	9367499	9367719
IGLV1-71	NC_092602	88.393	100	221	1	221	9402065	9402285
IGLV1-71	NC_092602	87.783	100	221	1	221	9391034	9391254
IGLV1-71	NC_092602	87.665	100	221	1	221	9392130	9392356
IGLV1-71	NC_092602	87.783	100	221	1	221	9394679	9394899
IGLV1-71	NC_092602	87.783	100	221	1	221	9465322	9465542
IGLV1-71	NC_092602	88.235	100	221	1	221	9377214	9377425
IGLV1-71	NC_092602	87.500	100	221	1	221	9451245	9451468
IGLV1-71	NC_092602	87.330	100	221	1	221	9368229	9368449
IGLV1-71	NC_092602	87.387	100	221	1	221	9384772	9384991
IGLV1-71	NC_092602	86.222	100	221	1	221	9388012	9388235
IGLV1-71	NC_092602	86.425	100	221	1	221	9418377	9418594
IGLV1-71	NC_092602	85.903	100	221	1	221	9366297	9366523
IGLV1-71	NC_092602	86.036	100	221	1	221	9454496	9454716
IGLV1-71	NC_092602	85.463	100	221	1	221	9401707	9401933
IGLV1-71	NC_092602	85.520	100	221	1	221	9427131	9427351
IGLV1-71	NC_092602	85.586	100	221	1	221	9439646	9439866
IGLV1-71	NC_092602	85.135	100	221	1	221	9365554	9365774
IGLV1-71	NC_092602	85.088	100	221	1	221	9390172	9390398
IGLV1-71	NC_092602	84.100	100	221	1	221	9410876	9411114
IGLV1-71	NC_092602	84.444	100	221	1	221	9415408	9415628
IGLV1-71	NC_092602	84.305	100	221	1	221	9419206	9419426
IGLV1-71	NC_092602	83.710	100	221	1	221	9369099	9369319
IGLV1-71	NC_092602	83.628	100	221	1	221	9388751	9388974
IGLV1-71	NC_092602	83.264	100	221	1	221	9419801	9420039
IGLV1-71	NC_092602	82.969	100	221	1	221	9370441	9370667
IGLV1-71	NC_092602	82.917	100	221	1	221	9370944	9371182
IGLV1-71	NC_092602	82.427	100	221	1	221	9363228	9363466
IGLV1-71	NC_092602	82.008	100	221	1	221	9389241	9389479
IGLV1-71	NC_092602	81.250	100	221	1	221	9369688	9369926
IGLV1-71	NC_092602	81.250	100	221	1	221	9379803	9380041
IGLV1-71	NC_092602	80.335	100	221	1	221	9458282	9458520
IGLV1-71	NC_092602	79.079	100	221	1	221	9391630	9391868
IGLV1-72	NC_092602	99.303	100	287	1	287	9371703	9371989
IGLV1-72	NC_092602	92.361	100	287	1	287	9388751	9389037
IGLV1-72	NC_092602	89.236	100	287	1	287	9364952	9365238
IGLV1-72	NC_092602	88.502	100	287	1	287	9414669	9414955
IGLV1-72	NC_092602	88.502	100	287	1	287	9439646	9439929
IGLV1-72	NC_092602	86.254	100	287	1	287	9377803	9378092
IGLV1-72	NC_092602	86.458	100	287	1	287	9419206	9419489
IGLV1-72	NC_092602	86.458	100	287	1	287	9454496	9454779
IGLV1-72	NC_092602	85.284	100	287	1	287	9395177	9395475
IGLV1-72	NC_092602	84.536	100	287	1	287	9389684	9389966
IGLV1-72	NC_092602	84.669	100	287	1	287	9377214	9377488
IGLV1-72	NC_092602	83.946	100	287	1	287	9423408	9423706
IGLV1-73	NC_092602	100.000	100	302	1	302	9370944	9371245
IGLV1-73	NC_092602	88.487	100	302	1	302	9395177	9395475
IGLV1-73	NC_092602	87.789	100	302	1	302	9391630	9391931
IGLV1-73	NC_092602	88.411	100	302	1	302	9414669	9414955
IGLV1-73	NC_092602	88.079	100	302	1	302	9388012	9388298
IGLV1-73	NC_092602	86.139	100	302	1	302	9364952	9365238
IGLV1-73	NC_092602	85.099	100	302	1	302	9377803	9378092
IGLV1-73	NC_092602	84.437	100	302	1	302	9423408	9423706
IGLV1-73	NC_092602	85.099	100	302	1	302	9439646	9439929
IGLV1-73	NC_092602	83.775	100	302	1	302	9454496	9454779
IGLV1-73	NC_092602	81.759	100	302	1	302	9370441	9370732
IGLV1-73	NC_092602	78.548	100	302	1	302	9440468	9440750
IGLV1-74	NC_092602	98.635	100	292	1	292	9370440	9370732
IGLV1-74	NC_092602	87.075	100	292	1	292	9364951	9365238
IGLV1-74	NC_092602	85.034	100	292	1	292	9414668	9414955
IGLV1-74	NC_092602	84.694	100	292	1	292	9419205	9419489
IGLV1-74	NC_092602	84.039	100	292	1	292	9434823	9435125
IGLV1-74	NC_092602	84.014	100	292	1	292	9418376	9418657
IGLV1-74	NC_092602	83.168	100	292	1	292	9423407	9423706
IGLV1-74	NC_092602	82.993	100	292	1	292	9388750	9389037
IGLV1-74	NC_092602	82.770	100	292	1	292	9389683	9389966
IGLV1-74	NC_092602	81.633	100	292	1	292	9377213	9377488
IGLV1-74	NC_092602	79.252	100	292	1	292	9361487	9361769
IGLV1-75	NC_092602	98.344	100	302	1	302	9369688	9369989
IGLV1-76	NC_092602	98.188	100	276	1	276	9369099	9369374
IGLV1-76	NC_092602	96.377	100	276	1	276	9391034	9391309
IGLV1-76	NC_092602	86.594	100	276	1	276	9427131	9427406
IGLV1-76	NC_092602	83.688	100	276	1	276	9392130	9392411
IGLV1-76	NC_092602	82.373	100	276	1	276	9419801	9420094
IGLV1-76	NC_092602	78.571	100	276	1	276	9395791	9396084
IGLV1-77	NC_092602	98.925	100	279	1	279	9368229	9368507
IGLV1-77	NC_092602	92.657	100	279	1	279	9390172	9390456
IGLV1-77	NC_092602	89.007	100	279	1	279	9364952	9365233
IGLV1-77	NC_092602	87.234	100	279	1	279	9371703	9371984
IGLV1-77	NC_092602	87.279	100	279	1	279	9414669	9414950
IGLV1-77	NC_092602	86.879	100	279	1	279	9388012	9388293
IGLV1-77	NC_092602	86.786	100	279	1	279	9454496	9454774
IGLV1-77	NC_092602	86.380	100	279	1	279	9439646	9439924
IGLV1-77	NC_092602	86.525	100	279	1	279	9389684	9389961
IGLV1-77	NC_092602	86.071	100	279	1	279	9419206	9419484
IGLV1-77	NC_092602	85.467	100	279	1	279	9370441	9370727
IGLV1-77	NC_092602	85.185	100	279	1	279	9410876	9411172
IGLV1-77	NC_092602	85.305	100	279	1	279	9377214	9377483
IGLV1-77	NC_092602	84.752	100	279	1	279	9388751	9389032
IGLV1-77	NC_092602	84.192	100	279	1	279	9422664	9422952
IGLV1-77	NC_092602	83.838	100	279	1	279	9370944	9371240
IGLV1-77	NC_092602	82.993	100	279	1	279	9423408	9423701
IGLV1-77	NC_092602	81.879	100	279	1	279	9369688	9369984
IGLV1-78	NC_092602	98.208	100	279	1	279	9367499	9367777
IGLV1-78	NC_092602	96.416	100	279	1	279	9420959	9421237
IGLV1-78	NC_092602	93.907	100	279	1	279	9394679	9394957
IGLV1-78	NC_092602	93.214	100	279	1	279	9413926	9414204
IGLV1-78	NC_092602	91.398	100	279	1	279	9365554	9365832
IGLV1-78	NC_092602	88.214	100	279	1	279	9431479	9431756
IGLV1-78	NC_092602	87.018	100	279	1	279	9377803	9378086
IGLV1-78	NC_092602	86.022	100	279	1	279	9402490	9402766
IGLV1-78	NC_092602	79.798	100	279	1	279	9432738	9433033
IGLV1-79	NC_092602	94.718	100	284	1	284	9366901	9367184
IGLV1-80	NC_092602	93.750	100	285	1	285	9366297	9366584
IGLV1-80	NC_092602	92.982	100	285	1	285	9381832	9382116
IGLV1-80	NC_092602	87.000	100	285	1	285	9389241	9389540
IGLV1-80	NC_092602	86.869	100	285	1	285	9378301	9378597
IGLV1-80	NC_092602	86.333	100	285	1	285	9419801	9420100
IGLV1-80	NC_092602	86.000	100	285	1	285	9395791	9396090
IGLV1-80	NC_092602	85.185	100	285	1	285	9400559	9400855
IGLV1-80	NC_092602	85.185	100	285	1	285	9402980	9403276
IGLV1-80	NC_092602	83.333	100	285	1	285	9373624	9373920
IGLV1-80	NC_092602	81.000	100	285	1	285	9432738	9433037
IGLV1-81	NC_092602	92.734	100	289	1	289	9364952	9365237
IGLV1-81	NC_092602	88.926	100	289	1	289	9395177	9395474
IGLV1-81	NC_092602	88.927	100	289	1	289	9388012	9388297
IGLV1-81	NC_092602	88.927	100	289	1	289	9414669	9414954
IGLV1-81	NC_092602	87.755	100	289	1	289	9422664	9422956
IGLV1-81	NC_092602	87.543	100	289	1	289	9371703	9371988
IGLV1-81	NC_092602	87.197	100	289	1	289	9388751	9389036
IGLV1-81	NC_092602	86.913	100	289	1	289	9423408	9423705
IGLV1-81	NC_092602	87.197	100	289	1	289	9419206	9419488
IGLV1-81	NC_092602	87.197	100	289	1	289	9439646	9439928
IGLV1-81	NC_092602	86.007	100	289	1	289	9370441	9370731
IGLV1-81	NC_092602	85.714	100	289	1	289	9370944	9371244
IGLV1-81	NC_092602	85.616	100	289	1	289	9389684	9389965
IGLV1-81	NC_092602	84.429	100	289	1	289	9418377	9418656
IGLV1-81	NC_092602	82.450	100	289	1	289	9391630	9391930
IGLV1-81	NC_092602	80.623	100	289	1	289	9440468	9440749
IGLV1-82	NC_092602	97.133	100	279	1	279	9365554	9365832
IGLV1-82	NC_092602	93.929	100	279	1	279	9431479	9431756
IGLV1-82	NC_092602	92.527	100	279	1	279	9420959	9421237
IGLV1-82	NC_092602	91.756	100	279	1	279	9367499	9367777
IGLV1-82	NC_092602	91.844	100	279	1	279	9394679	9394957
IGLV1-82	NC_092602	91.039	100	279	1	279	9413926	9414204
IGLV1-82	NC_092602	85.185	100	279	1	279	9360980	9361275
IGLV1-82	NC_092602	85.106	100	279	1	279	9400064	9400344
IGLV1-82	NC_092602	80.808	100	279	1	279	9432738	9433033
IGLV1-83	NC_092602	98.606	100	287	1	287	9364952	9365238
IGLV1-83	NC_092602	91.986	100	287	1	287	9377214	9377488
IGLV1-83	NC_092602	90.970	100	287	1	287	9395177	9395475
IGLV1-83	NC_092602	90.941	100	287	1	287	9414669	9414955
IGLV1-83	NC_092602	88.963	100	287	1	287	9423408	9423706
IGLV1-83	NC_092602	88.850	100	287	1	287	9371703	9371989
IGLV1-83	NC_092602	88.850	100	287	1	287	9388012	9388298
IGLV1-83	NC_092602	88.850	100	287	1	287	9419206	9419489
IGLV1-83	NC_092602	88.502	100	287	1	287	9388751	9389037
IGLV1-83	NC_092602	88.850	100	287	1	287	9418377	9418657
IGLV1-83	NC_092602	88.502	100	287	1	287	9439646	9439929
IGLV1-83	NC_092602	88.194	100	287	1	287	9454496	9454779
IGLV1-83	NC_092602	87.713	100	287	1	287	9370441	9370732
IGLV1-83	NC_092602	87.458	100	287	1	287	9422664	9422957
IGLV1-83	NC_092602	87.543	100	287	1	287	9389684	9389966
IGLV1-83	NC_092602	86.799	100	287	1	287	9434824	9435125
IGLV1-83	NC_092602	85.809	100	287	1	287	9370944	9371245
IGLV1-83	NC_092602	83.681	100	287	1	287	9361488	9361769
IGLV1-83	NC_092602	83.113	100	287	1	287	9391630	9391931
IGLV1-84	NC_092602	91.964	100	224	1	224	9454496	9454719
IGLV1-84	NC_092602	91.556	100	224	1	224	9367499	9367722
IGLV1-84	NC_092602	91.518	100	224	1	224	9413926	9414149
IGLV1-84	NC_092602	91.189	100	224	1	224	9364952	9365178
IGLV1-84	NC_092602	91.071	100	224	1	224	9365554	9365777
IGLV1-84	NC_092602	90.749	100	224	1	224	9388012	9388238
IGLV1-84	NC_092602	90.625	100	224	1	224	9394679	9394902
IGLV1-84	NC_092602	90.667	100	224	1	224	9397153	9397376
IGLV1-84	NC_092602	90.667	100	224	1	224	9420959	9421182
IGLV1-84	NC_092602	89.912	100	224	1	224	9371703	9371929
IGLV1-84	NC_092602	89.868	100	224	1	224	9381832	9382058
IGLV1-84	NC_092602	89.778	100	224	1	224	9368229	9368452
IGLV1-84	NC_092602	89.823	100	224	1	224	9431479	9431702
IGLV1-84	NC_092602	89.427	100	224	1	224	9414669	9414895
IGLV1-84	NC_092602	88.938	100	224	1	224	9385251	9385474
IGLV1-84	NC_092602	88.889	100	224	1	224	9391034	9391257
IGLV1-84	NC_092602	88.839	100	224	1	224	9402065	9402288
IGLV1-84	NC_092602	87.826	100	224	1	224	9366297	9366526
IGLV1-84	NC_092602	87.826	100	224	1	224	9377803	9378032
IGLV1-84	NC_092602	88.053	100	224	1	224	9394080	9394303
IGLV1-84	NC_092602	88.106	100	224	1	224	9415408	9415631
IGLV1-84	NC_092602	87.946	100	224	1	224	9465322	9465545
IGLV1-84	NC_092602	87.500	100	224	1	224	9390172	9390401
IGLV1-84	NC_092602	87.391	100	224	1	224	9392130	9392359
IGLV1-84	NC_092602	87.391	100	224	1	224	9401707	9401936
IGLV1-84	NC_092602	87.611	100	224	1	224	9427131	9427354
IGLV1-84	NC_092602	86.842	100	224	1	224	9388751	9388977
IGLV1-84	NC_092602	86.607	100	224	1	224	9419206	9419429
IGLV1-84	NC_092602	86.192	100	224	1	224	9395177	9395415
IGLV1-84	NC_092602	86.404	100	224	1	224	9425439	9425665
IGLV1-84	NC_092602	86.222	100	224	1	224	9384772	9384994
IGLV1-84	NC_092602	85.463	100	224	1	224	9400064	9400290
IGLV1-84	NC_092602	85.124	100	224	1	224	9360980	9361221
IGLV1-84	NC_092602	85.124	100	224	1	224	9370944	9371185
IGLV1-84	NC_092602	85.268	100	224	1	224	9377214	9377428
IGLV1-84	NC_092602	84.362	100	224	1	224	9379803	9380044
IGLV1-84	NC_092602	83.884	100	224	1	224	9410876	9411117
IGLV1-84	NC_092602	82.845	100	224	1	224	9400559	9400797
IGLV1-84	NC_092602	82.231	100	224	1	224	9419801	9420042
IGLV1-84	NC_092602	81.148	100	224	1	224	9369688	9369929
IGLV1-84	NC_092602	81.070	100	224	1	224	9449185	9449426
IGLV1-84	NC_092602	80.658	100	224	1	224	9391630	9391871
IGLV1-85	NC_092602	99.585	100	241	1	241	9363228	9363468
IGLV1-85	NC_092602	88.843	100	241	1	241	9389241	9389481
IGLV1-85	NC_092602	87.967	100	241	1	241	9369688	9369928
IGLV1-85	NC_092602	88.017	100	241	1	241	9419801	9420041
IGLV1-85	NC_092602	86.364	100	241	1	241	9434824	9435064
IGLV1-85	NC_092602	85.892	100	241	1	241	9414669	9414894
IGLV1-85	NC_092602	85.537	100	241	1	241	9390172	9390400
IGLV1-85	NC_092602	84.232	100	241	1	241	9418700	9418940
IGLV1-85	NC_092602	84.232	100	241	1	241	9395177	9395414
IGLV1-85	NC_092602	84.298	100	241	1	241	9392130	9392358
IGLV1-85	NC_092602	84.711	100	241	1	241	9402065	9402287
IGLV1-85	NC_092602	83.817	100	241	1	241	9397153	9397375
IGLV1-85	NC_092602	83.402	100	241	1	241	9364952	9365177
IGLV1-85	NC_092602	82.645	100	241	1	241	9377803	9378031
IGLV1-85	NC_092602	83.058	100	241	1	241	9394679	9394901
IGLV1-85	NC_092602	82.377	100	241	1	241	9384772	9384993
IGLV1-85	NC_092602	81.743	100	241	1	241	9367499	9367721
IGLV1-85	NC_092602	81.743	100	241	1	241	9420959	9421181
IGLV1-85	NC_092602	81.818	100	241	1	241	9465322	9465544
IGLV1-85	NC_092602	81.405	100	241	1	241	9391034	9391256
IGLV1-85	NC_092602	80.992	100	241	1	241	9400064	9400289
IGLV1-85	NC_092602	80.488	100	241	1	241	9422664	9422897
IGLV1-85	NC_092602	80.992	100	241	1	241	9462158	9462377
IGLV1-85	NC_092602	80.579	100	241	1	241	9427131	9427353
IGLV1-85	NC_092602	80.165	100	241	1	241	9361488	9361709
IGLV1-85	NC_092602	79.752	100	241	1	241	9436883	9437105
IGLV1-85	NC_092602	79.668	100	241	1	241	9418377	9418596
IGLV1-85	NC_092602	79.424	100	241	1	241	9419206	9419428
IGLV1-86	NC_092602	99.654	100	289	1	289	9362819	9363107
IGLV1-87	NC_092602	99.645	100	282	1	282	9361488	9361769
IGLV1-87	NC_092602	83.158	100	282	1	282	9439646	9439929
IGLV1-87	NC_092602	82.639	100	282	1	282	9364952	9365238
IGLV1-87	NC_092602	82.042	100	282	1	282	9427131	9427414
IGLV1-87	NC_092602	81.818	100	282	1	282	9389684	9389966
IGLV1-87	NC_092602	80.769	100	282	1	282	9391034	9391317
IGLV1-87	NC_092602	80.634	100	282	1	282	9419206	9419489
IGLV1-87	NC_092602	79.861	100	282	1	282	9371703	9371989
IGLV1-87	NC_092602	79.795	100	282	1	282	9390172	9390459
IGLV1-87	NC_092602	76.254	100	282	1	282	9423408	9423706
IGLV1-88	NC_092602	100.000	100	295	1	295	9360980	9361274
IGLV1-88	NC_092602	88.475	100	295	1	295	9410876	9411170
IGLV1-88	NC_092602	87.205	100	295	1	295	9434824	9435118
IGLV1-88	NC_092602	86.102	100	295	1	295	9395177	9395468
IGLV1-88	NC_092602	85.085	100	295	1	295	9370944	9371238
IGLV1-88	NC_092602	85.763	100	295	1	295	9364952	9365231
IGLV1-88	NC_092602	84.848	100	295	1	295	9423408	9423699
IGLV1-88	NC_092602	84.459	100	295	1	295	9391630	9391924
IGLV1-88	NC_092602	85.085	100	295	1	295	9400064	9400343
IGLV1-88	NC_092602	84.746	100	295	1	295	9377803	9378085
IGLV1-88	NC_092602	84.122	100	295	1	295	9432738	9433032
IGLV1-88	NC_092602	83.784	100	295	1	295	9369688	9369982
IGLV1-88	NC_092602	84.122	100	295	1	295	9389684	9389959
IGLV1-88	NC_092602	83.729	100	295	1	295	9439646	9439922
IGLV1-88	NC_092602	83.784	100	295	1	295	9402490	9402765
IGLV1-88	NC_092602	83.390	100	295	1	295	9419206	9419482
IGLV1-88	NC_092602	83.502	100	295	1	295	9431479	9431755
IGLV1-88	NC_092602	83.051	100	295	1	295	9462158	9462431
IGLV1-88	NC_092602	82.432	100	295	1	295	9418377	9418650
IGLV1-88	NC_092602	81.063	100	295	1	295	9422664	9422950
IGLV1-88	NC_092602	80.339	100	295	1	295	9360520	9360253
